﻿Designator,Footprint,Quantity,Value,LCSC Part #
"C1, C2",CAPC1608X90N,2,10uF,C19702
C10,CP_Elec_6.3x7.7,1,Plug_2_Cap_Output,C335982
C11,CP_Elec_6.3x7.7,1,Plug_3_Cap_Output,C335982
C12,CP_Elec_6.3x7.7,1,Plug_4_Cap_Output,C335982
C13,CP_Elec_6.3x7.7,1,Plug_5_Cap_Output,C335982
C14,CP_Elec_6.3x7.7,1,Plug_6_Cap_Output,C335982
C15,CP_Elec_6.3x7.7,1,Plug_7_Cap_Output,C335982
C16,CP_Elec_6.3x7.7,1,Plug_8_Cap_Output,C335982
C17,CP_Elec_6.3x7.7,1,Plug_9_Cap_Output,C335982
C18,CP_Elec_6.3x7.7,1,Plug_10_Cap_Output,C335982
C19,CP_Elec_6.3x7.7,1,Plug_11_Cap_Output,C335982
C20,CP_Elec_6.3x7.7,1,Plug_12_Cap_Output,C335982
C21,CP_Elec_6.3x7.7,1,Plug_13_Cap_Output,C335982
C22,CP_Elec_6.3x7.7,1,Plug_14_Cap_Output,C335982
C23,CP_Elec_6.3x7.7,1,Plug_15_Cap_Output,C335982
C24,CP_Elec_6.3x7.7,1,Plug_16_Cap_Output,C335982
"C3, C4, C5, C6, C7, C8",CAPC1608X90N,6,1uF, C15849
C9,CP_Elec_6.3x7.7,1,Plug_1_Cap_Output,C335982
"D1, D10, D11, D12, D13, D14, D15, D16, D17, D18, D3, D4, D5, D6, D7, D8, D9",LED_KT-0603R,17,KT-0603R,C2286
"F1, F10, F11, F12, F13, F14, F15, F16, F2, F3, F4, F5, F6, F7, F8, F9",Mini Blade Fuse Holder,16,Fuse,C17700142
J1,PinSocket_1x04_P2.54mm_Vertical,1,Conn_01x04,
"ON_BOARD_BUTTON1, ON_BOARD_BUTTON2, ON_BOARD_BUTTON3, ON_BOARD_BUTTON4, ON_BOARD_BUTTON5, ON_BOARD_BUTTON6",SKHLAAA010,6,SKHLAAA010, C470263
"Q1, Q10, Q11, Q12, Q13, Q14, Q15, Q16, Q17, Q18, Q19, Q2, Q20, Q21, Q22, Q23, Q24, Q25, Q26, Q27, Q28, Q29, Q3, Q30, Q31, Q32, Q4, Q5, Q6, Q7, Q8, Q9",SOT-23,32,BSS138,C112239
"R1, R10, R101, R103, R105, R107, R109, R11, R16, R17, R18, R23, R24, R25, R26, R27, R32, R33, R6, R7, R8, R9, R98",RESC1608X55N,23,1k,C21190
"R100, R102, R104, R106, R108, R99",RESC1608X55N,6,2k, C22975
"R110, R111, R112, R113, R114, R115, R116, R117, R118, R119, R120, R121, R122, R123, R124, R125",RESC1608X55N,16,0603WAF3300T5E,C23138
"R12, R13, R14, R15, R19, R2, R20, R21, R22, R28, R29, R3, R30, R31, R34, R35, R36, R37, R38, R39, R4, R40, R41, R42, R43, R44, R45, R46, R47, R48, R49, R5, R50, R51, R52, R53, R54, R55, R56, R57, R58, R59, R60, R61, R62, R63, R64, R65, R66, R67, R68, R69, R70, R71, R72, R73, R74, R75, R76, R77, R78, R79, R80, R81",0603,64,10k, C25804
U1,SOT-223-3_TabPin2,1,AMS1117-3.3, C6186
